Id;X;Y;Z
0;1.0000000000000000e+00;0.0000000000000000e+00;0.0000000000000000e+00
1;-5.000000000000000e-01;8.6603000000000000e-01;0.0000000000000000e+00
2;-5.000000000000000e-01;-8.6603000000000000e-01;0.0000000000000000e+00
3;0.0000000000000000e+00;0.0000000000000000e+00;1.0000000000000000e+00
