Id;X;Y;Z
0;5.77350269189e-01;5.77350269189e-01;5.77350269189e-01
1;5.77350269189e-01;5.77350269189e-01;-5.77350269189e-01
2;-5.77350269189e-01;5.77350269189e-01;-5.77350269189e-01
3;-5.77350269189e-01;5.77350269189e-01;5.77350269189e-01
4;5.77350269189e-01;-5.77350269189e-01;5.77350269189e-01
5;5.77350269189e-01;-5.77350269189e-01;-5.77350269189e-01
6;-5.77350269189e-01;-5.77350269189e-01;-5.77350269189e-01
7;-5.77350269189e-01;-5.77350269189e-01;5.77350269189e-01
